gapdh,,,,,,,hprt,,,,,,,geomean
name,foldchange,error,p-value,,,,name,foldchange,error,p-value,,,,name,foldchange,error,p-value
Hspb6,-1.10477302563,0.0985068510584,0.280514575433,,,,Hspb6,-1.10908889183,0.128702457318,0.382534474139,,,,Hspb6,-1.07104908363,0.0950041688858,0.456782837456
Itsn1,1.11149387633,0.243023508506,0.613491709916,,,,Itsn1,1.10716865147,0.193791221418,0.552329741092,,,,Itsn1,1.1084318378,0.218679933557,0.589682528625
Lrp3,1.10381622731,0.377608506042,0.744567206563,,,,Lrp3,1.09952087896,0.329329878615,0.728167659845,,,,Lrp3,1.10077533982,0.353296471313,0.73910940023
Lyst,-1.21841026368,0.075461133938,0.00691888970529,,,,Lyst,-1.30400231299,0.0830877489576,0.00143648359038,,,,Lyst,-1.27968147613,0.0634079540146,0.000349575906484
Mamdc2,-1.38510946811,0.212555070749,0.0528793950102,,,,Mamdc2,-1.43271335855,0.25292306485,0.0581571242309,,,,Mamdc2,-1.40599194286,0.223921278534,0.0499796987669
