gapdh,,,,,,,hprt
name,foldchange,error,p-value,,,,name,foldchange,error,p-value
Herc3,1.03021569803,0.0699595667574,0.691512395979,,,,Herc3,-1.05961609788,0.0738537991441,0.446683018138
Hes6,2.61398343735,1.97745975694,0.0825303839458,,,,Hes6,2.60381148195,1.7514360533,0.0649002442802
Hspb6,-1.10477302563,0.0985068510584,0.280514575433,,,,Hspb6,-1.10908889183,0.128702457318,0.382534474139
Itsn1,1.11149387633,0.243023508506,0.613491709916,,,,Itsn1,1.10716865147,0.193791221418,0.552329741092
Lrp3,1.10381622731,0.377608506042,0.744567206563,,,,Lrp3,1.09952087896,0.329329878615,0.728167659845
