gapdh,,,,,,,hprt
name,foldchange,error,p-value,,,,name,foldchange,error,p-value
Herc3,1.03021569803,0.0475156712655,0.55129882304,,,,Herc3,-1.05961609788,0.0501608721902,0.256988012495
Hes6,2.61398343735,1.31949279266,0.0102879067485,,,,Hes6,2.60381148195,1.17173672629,0.0063825727016
Hspb6,-1.10477302563,0.0672355478155,0.11008993017,,,,Hspb6,-1.10908889183,0.0877962384965,0.195488233681
Itsn1,1.11149387633,0.165280404865,0.455085298555,,,,Itsn1,1.10716865147,0.131985698243,0.379814890443
Lrp3,1.10381622731,0.255641391169,0.630147663902,,,,Lrp3,1.09952087896,0.223318490382,0.607214754249
