gapdh,,,,,,,hprt
name,foldchange,error,p-value,,,,name,foldchange,error,p-value
Atp2b2,-1.78540330296,3.07348101777,0.466903979,,,,Atp2b2,1.02811382666,0.0540584335071,0.613979537939
Bsn,-1.85237347028,3.38957460036,0.451175547381,,,,Bsn,-1.02221341416,0.0619901757849,0.726040915374
Chordc1,-1.73733383527,3.36735617832,0.508778811688,,,,Chordc1,1.01571806093,0.0862975851328,0.855753430593
Colec12,-2.02265463067,4.09189940006,0.409724734377,,,,Colec12,-1.10593596722,0.0593974995422,0.0899464790646
Crym,-1.19621950171,1.60092905721,0.80511653098,,,,Crym,-1.13421679829,0.124299163192,0.275746280427
Fam107a,-1.72982368932,2.91203666264,0.487009018924,,,,Fam107a,1.02012786924,0.180823589914,0.907889730478
Gpsm2,-1.77691540563,3.32135397839,0.485517853335,,,,Gpsm2,-1.026482003,0.0425912603919,0.555873417828
