gapdh,,,,,,,hprt
name,foldchange,error,p-value,,,,name,foldchange,error,p-value
Herc3,1.02913237972,0.0750551305104,0.703656014122,,,,Herc3,-1.05961609788,0.0738537991441,0.446683018138
